{
  "firstLayout": "",
  "gdVersion": {
    "build": 99,
    "major": 4,
    "minor": 0,
    "revision": 0
  },
  "properties": {
    "adaptGameResolutionAtRuntime": true,
    "folderProject": false,
    "orientation": "landscape",
    "packageName": "wendigosoft.platformerpatrolai",
    "pixelsRounding": false,
    "projectUuid": "e30b7a01-c75d-4682-bdad-590a7c06c34a",
    "scaleMode": "linear",
    "sizeOnStartupMode": "adaptWidth",
    "templateSlug": "",
    "useExternalSourceFiles": false,
    "version": "1.0.0",
    "name": "Plattformer enemy patrol AI",
    "description": "This example shows how to make an NPC patrol on a platform and turn around when reaching the edges.\n- Easy (just drop the NPC on a platform and it works)\n- Flexible (position or width of the platform doesn't matter)\n- Event based logic (no extra objects involved)\n\n",
    "author": "Wend1go",
    "windowWidth": 910,
    "windowHeight": 910,
    "latestCompilationDirectory": "",
    "maxFPS": 60,
    "minFPS": 20,
    "verticalSync": false,
    "platformSpecificAssets": {},
    "loadingScreen": {
      "backgroundColor": 0,
      "backgroundFadeInDuration": 0.2,
      "backgroundImageResourceName": "",
      "gdevelopLogoStyle": "light",
      "logoAndProgressFadeInDuration": 0.2,
      "logoAndProgressLogoFadeInDelay": 0.2,
      "minDuration": 1.5,
      "progressBarColor": 16777215,
      "progressBarHeight": 20,
      "progressBarMaxWidth": 200,
      "progressBarMinWidth": 40,
      "progressBarWidthPercent": 30,
      "showGDevelopSplash": true,
      "showProgressBar": true
    },
    "authorIds": [],
    "categories": [],
    "playableDevices": [],
    "extensionProperties": [],
    "platforms": [
      {
        "name": "GDevelop JS platform"
      }
    ],
    "currentPlatform": "GDevelop JS platform"
  },
  "resources": {
    "resources": [
      {
        "alwaysLoaded": false,
        "file": "p3_walk01.png",
        "kind": "image",
        "metadata": "",
        "name": "p3_walk01.png",
        "smoothed": true,
        "userAdded": false
      },
      {
        "alwaysLoaded": false,
        "file": "p3_walk02.png",
        "kind": "image",
        "metadata": "",
        "name": "p3_walk02.png",
        "smoothed": true,
        "userAdded": false
      },
      {
        "alwaysLoaded": false,
        "file": "p3_walk03.png",
        "kind": "image",
        "metadata": "",
        "name": "p3_walk03.png",
        "smoothed": true,
        "userAdded": true
      },
      {
        "alwaysLoaded": false,
        "file": "p3_walk04.png",
        "kind": "image",
        "metadata": "",
        "name": "p3_walk04.png",
        "smoothed": true,
        "userAdded": true
      },
      {
        "alwaysLoaded": false,
        "file": "p3_walk05.png",
        "kind": "image",
        "metadata": "",
        "name": "p3_walk05.png",
        "smoothed": true,
        "userAdded": false
      },
      {
        "alwaysLoaded": false,
        "file": "p3_walk06.png",
        "kind": "image",
        "metadata": "",
        "name": "p3_walk06.png",
        "smoothed": true,
        "userAdded": true
      },
      {
        "alwaysLoaded": false,
        "file": "p3_walk07.png",
        "kind": "image",
        "metadata": "",
        "name": "p3_walk07.png",
        "smoothed": true,
        "userAdded": false
      },
      {
        "alwaysLoaded": false,
        "file": "p3_walk08.png",
        "kind": "image",
        "metadata": "",
        "name": "p3_walk08.png",
        "smoothed": true,
        "userAdded": true
      },
      {
        "alwaysLoaded": false,
        "file": "p3_walk09.png",
        "kind": "image",
        "metadata": "",
        "name": "p3_walk09.png",
        "smoothed": true,
        "userAdded": true
      },
      {
        "alwaysLoaded": false,
        "file": "p3_walk10.png",
        "kind": "image",
        "metadata": "",
        "name": "p3_walk10.png",
        "smoothed": true,
        "userAdded": true
      },
      {
        "alwaysLoaded": false,
        "file": "p3_walk11.png",
        "kind": "image",
        "metadata": "",
        "name": "p3_walk11.png",
        "smoothed": true,
        "userAdded": false
      },
      {
        "alwaysLoaded": false,
        "file": "grass.png",
        "kind": "image",
        "metadata": "",
        "name": "grass.png",
        "smoothed": true,
        "userAdded": true
      }
    ],
    "resourceFolders": []
  },
  "objects": [],
  "objectsGroups": [],
  "variables": [],
  "layouts": [
    {
      "b": 255,
      "disableInputWhenNotFocused": true,
      "mangledName": "Platformer_95Patrol_95AI",
      "name": "Platformer_Patrol_AI",
      "oglFOV": 90,
      "oglZFar": 500,
      "oglZNear": 1,
      "r": 185,
      "standardSortMethod": true,
      "stopSoundsOnStartup": true,
      "title": "",
      "v": 232,
      "uiSettings": {
        "grid": true,
        "gridType": "rectangular",
        "gridWidth": 70,
        "gridHeight": 70,
        "gridOffsetX": 0,
        "gridOffsetY": 0,
        "gridColor": 10401023,
        "gridAlpha": 0.8,
        "snap": true,
        "zoomFactor": 0.7500000000000003,
        "windowMask": false
      },
      "objectsGroups": [],
      "variables": [],
      "instances": [
        {
          "angle": 0,
          "customSize": false,
          "height": 0,
          "layer": "",
          "locked": false,
          "name": "Enemy",
          "persistentUuid": "292704b9-6fc5-4b69-b008-733638d87d37",
          "width": 0,
          "x": 70,
          "y": 673,
          "zOrder": 2,
          "numberProperties": [],
          "stringProperties": [],
          "initialVariables": []
        },
        {
          "angle": 0,
          "customSize": false,
          "height": 0,
          "layer": "",
          "locked": false,
          "name": "Enemy",
          "persistentUuid": "d4c8b992-077a-46f9-b776-16e648aa6df7",
          "width": 0,
          "x": 420,
          "y": 463,
          "zOrder": 2,
          "numberProperties": [],
          "stringProperties": [],
          "initialVariables": []
        },
        {
          "angle": 0,
          "customSize": false,
          "height": 0,
          "layer": "",
          "locked": false,
          "name": "Enemy",
          "persistentUuid": "dbcbeb30-7e4a-43c8-9446-257f5114125a",
          "width": 0,
          "x": 768,
          "y": 673,
          "zOrder": 2,
          "numberProperties": [],
          "stringProperties": [],
          "initialVariables": []
        },
        {
          "angle": 0,
          "customSize": false,
          "height": 0,
          "layer": "",
          "locked": false,
          "name": "Enemy",
          "persistentUuid": "6cc365cf-8ff9-4a2f-b6f3-6fb6c1d0a057",
          "width": 0,
          "x": 770,
          "y": 43,
          "zOrder": 2,
          "numberProperties": [],
          "stringProperties": [],
          "initialVariables": []
        },
        {
          "angle": 0,
          "customSize": false,
          "height": 0,
          "layer": "",
          "locked": false,
          "name": "Enemy",
          "persistentUuid": "907c0180-5ce7-4fb2-bc36-6bb6e8d2135c",
          "width": 0,
          "x": 70,
          "y": 43,
          "zOrder": 2,
          "numberProperties": [],
          "stringProperties": [],
          "initialVariables": []
        },
        {
          "angle": 0,
          "customSize": false,
          "height": 0,
          "layer": "",
          "locked": false,
          "name": "Enemy",
          "persistentUuid": "44d49e8f-a0d9-4007-a549-0af73dac680e",
          "width": 0,
          "x": 420,
          "y": 253,
          "zOrder": 2,
          "numberProperties": [],
          "stringProperties": [],
          "initialVariables": []
        },
        {
          "angle": 0,
          "customSize": true,
          "height": 70,
          "layer": "",
          "locked": false,
          "name": "Platform",
          "persistentUuid": "7f829470-970a-4f64-b83c-dbaf571df295",
          "width": 630,
          "x": 140,
          "y": 350,
          "zOrder": 3,
          "numberProperties": [],
          "stringProperties": [],
          "initialVariables": []
        },
        {
          "angle": 0,
          "customSize": false,
          "height": 0,
          "layer": "",
          "locked": false,
          "name": "Platform",
          "persistentUuid": "5c10a34c-74d4-4b36-8c55-ca1f58958cbb",
          "width": 0,
          "x": 420,
          "y": 560,
          "zOrder": 3,
          "numberProperties": [],
          "stringProperties": [],
          "initialVariables": [
            {
              "folded": true,
              "name": "enlarge",
              "type": "boolean",
              "value": true
            }
          ]
        },
        {
          "angle": 0,
          "customSize": true,
          "height": 70,
          "layer": "",
          "locked": false,
          "name": "Platform",
          "persistentUuid": "8dcb417e-a48e-48ed-b3bd-98e796b6e074",
          "width": 210,
          "x": 70,
          "y": 140,
          "zOrder": 3,
          "numberProperties": [],
          "stringProperties": [],
          "initialVariables": []
        },
        {
          "angle": 0,
          "customSize": true,
          "height": 70,
          "layer": "",
          "locked": false,
          "name": "Platform",
          "persistentUuid": "f3fa4ddd-79b2-41c6-a00e-0839ff29fa0e",
          "width": 210,
          "x": 630,
          "y": 140,
          "zOrder": 3,
          "numberProperties": [],
          "stringProperties": [],
          "initialVariables": []
        },
        {
          "angle": 0,
          "customSize": true,
          "height": 70,
          "layer": "",
          "locked": false,
          "name": "Platform",
          "persistentUuid": "4de5ddcf-77ae-4145-a747-52088be740e8",
          "width": 350,
          "x": 490,
          "y": 770,
          "zOrder": 3,
          "numberProperties": [],
          "stringProperties": [],
          "initialVariables": []
        },
        {
          "angle": 0,
          "customSize": true,
          "height": 70,
          "layer": "",
          "locked": false,
          "name": "Platform",
          "persistentUuid": "1520d91b-cc02-4fd8-b595-bc5966f01dfe",
          "width": 350,
          "x": 70,
          "y": 770,
          "zOrder": 3,
          "numberProperties": [],
          "stringProperties": [],
          "initialVariables": []
        }
      ],
      "objects": [
        {
          "assetStoreId": "",
          "name": "Enemy",
          "tags": "",
          "type": "Sprite",
          "updateIfNotVisible": false,
          "variables": [
            {
              "folded": true,
              "name": "GroundExistsLeft",
              "type": "boolean",
              "value": false
            },
            {
              "folded": true,
              "name": "GroundExistsRight",
              "type": "boolean",
              "value": false
            },
            {
              "folded": true,
              "name": "Direction",
              "type": "string",
              "value": "Right"
            }
          ],
          "effects": [],
          "behaviors": [
            {
              "name": "PlatformerObject",
              "type": "PlatformBehavior::PlatformerObjectBehavior",
              "ignoreDefaultControls": true,
              "maxSpeed": 100,
              "acceleration": 1500,
              "canGoDownFromJumpthru": true,
              "canGrabPlatforms": false,
              "canGrabWithoutMoving": false,
              "deceleration": 1500,
              "gravity": 1000,
              "jumpSpeed": 600,
              "jumpSustainTime": 0.2,
              "ladderClimbingSpeed": 150,
              "maxFallingSpeed": 700,
              "slopeMaxAngle": 60,
              "useLegacyTrajectory": false,
              "xGrabTolerance": 10,
              "yGrabOffset": 0
            }
          ],
          "animations": [
            {
              "name": "EnemyCollider",
              "useMultipleDirections": false,
              "directions": [
                {
                  "looping": true,
                  "timeBetweenFrames": 0.07999999821186066,
                  "sprites": [
                    {
                      "hasCustomCollisionMask": false,
                      "image": "p3_walk01.png",
                      "points": [],
                      "originPoint": {
                        "name": "origine",
                        "x": 0,
                        "y": 0
                      },
                      "centerPoint": {
                        "automatic": true,
                        "name": "centre",
                        "x": 0,
                        "y": 0
                      },
                      "customCollisionMask": []
                    },
                    {
                      "hasCustomCollisionMask": false,
                      "image": "p3_walk02.png",
                      "points": [],
                      "originPoint": {
                        "name": "origine",
                        "x": 0,
                        "y": 0
                      },
                      "centerPoint": {
                        "automatic": true,
                        "name": "centre",
                        "x": 0,
                        "y": 0
                      },
                      "customCollisionMask": []
                    },
                    {
                      "hasCustomCollisionMask": false,
                      "image": "p3_walk03.png",
                      "points": [],
                      "originPoint": {
                        "name": "origine",
                        "x": 0,
                        "y": 0
                      },
                      "centerPoint": {
                        "automatic": true,
                        "name": "centre",
                        "x": 0,
                        "y": 0
                      },
                      "customCollisionMask": []
                    },
                    {
                      "hasCustomCollisionMask": false,
                      "image": "p3_walk04.png",
                      "points": [],
                      "originPoint": {
                        "name": "origine",
                        "x": 0,
                        "y": 0
                      },
                      "centerPoint": {
                        "automatic": true,
                        "name": "centre",
                        "x": 0,
                        "y": 0
                      },
                      "customCollisionMask": []
                    },
                    {
                      "hasCustomCollisionMask": false,
                      "image": "p3_walk05.png",
                      "points": [],
                      "originPoint": {
                        "name": "origine",
                        "x": 0,
                        "y": 0
                      },
                      "centerPoint": {
                        "automatic": true,
                        "name": "centre",
                        "x": 0,
                        "y": 0
                      },
                      "customCollisionMask": []
                    },
                    {
                      "hasCustomCollisionMask": false,
                      "image": "p3_walk06.png",
                      "points": [],
                      "originPoint": {
                        "name": "origine",
                        "x": 0,
                        "y": 0
                      },
                      "centerPoint": {
                        "automatic": true,
                        "name": "centre",
                        "x": 0,
                        "y": 0
                      },
                      "customCollisionMask": []
                    },
                    {
                      "hasCustomCollisionMask": false,
                      "image": "p3_walk07.png",
                      "points": [],
                      "originPoint": {
                        "name": "origine",
                        "x": 0,
                        "y": 0
                      },
                      "centerPoint": {
                        "automatic": true,
                        "name": "centre",
                        "x": 0,
                        "y": 0
                      },
                      "customCollisionMask": []
                    },
                    {
                      "hasCustomCollisionMask": false,
                      "image": "p3_walk08.png",
                      "points": [],
                      "originPoint": {
                        "name": "origine",
                        "x": 0,
                        "y": 0
                      },
                      "centerPoint": {
                        "automatic": true,
                        "name": "centre",
                        "x": 0,
                        "y": 0
                      },
                      "customCollisionMask": []
                    },
                    {
                      "hasCustomCollisionMask": false,
                      "image": "p3_walk09.png",
                      "points": [],
                      "originPoint": {
                        "name": "origine",
                        "x": 0,
                        "y": 0
                      },
                      "centerPoint": {
                        "automatic": true,
                        "name": "centre",
                        "x": 0,
                        "y": 0
                      },
                      "customCollisionMask": []
                    },
                    {
                      "hasCustomCollisionMask": false,
                      "image": "p3_walk10.png",
                      "points": [],
                      "originPoint": {
                        "name": "origine",
                        "x": 0,
                        "y": 0
                      },
                      "centerPoint": {
                        "automatic": true,
                        "name": "centre",
                        "x": 0,
                        "y": 0
                      },
                      "customCollisionMask": []
                    },
                    {
                      "hasCustomCollisionMask": false,
                      "image": "p3_walk11.png",
                      "points": [],
                      "originPoint": {
                        "name": "origine",
                        "x": 0,
                        "y": 0
                      },
                      "centerPoint": {
                        "automatic": true,
                        "name": "centre",
                        "x": 0,
                        "y": 0
                      },
                      "customCollisionMask": []
                    }
                  ]
                }
              ]
            }
          ]
        },
        {
          "assetStoreId": "",
          "height": 70,
          "name": "Platform",
          "tags": "",
          "texture": "grass.png",
          "type": "TiledSpriteObject::TiledSprite",
          "width": 70,
          "variables": [],
          "effects": [],
          "behaviors": [
            {
              "name": "Platform",
              "type": "PlatformBehavior::PlatformBehavior",
              "canBeGrabbed": false,
              "platformType": "NormalPlatform",
              "yGrabOffset": 0
            },
            {
              "name": "Tween",
              "type": "Tween::TweenBehavior"
            }
          ]
        }
      ],
      "events": [
        {
          "colorB": 228,
          "colorG": 176,
          "colorR": 74,
          "creationTime": 0,
          "name": "Enemy AI - patrol on platform",
          "source": "",
          "type": "BuiltinCommonInstructions::Group",
          "events": [
            {
              "type": "BuiltinCommonInstructions::ForEach",
              "object": "Enemy",
              "conditions": [],
              "actions": [],
              "events": [
                {
                  "type": "BuiltinCommonInstructions::Standard",
                  "conditions": [],
                  "actions": [
                    {
                      "type": {
                        "value": "SetObjectVariableAsBoolean"
                      },
                      "parameters": [
                        "Enemy",
                        "GroundExistsRight",
                        "False"
                      ]
                    },
                    {
                      "type": {
                        "value": "SetObjectVariableAsBoolean"
                      },
                      "parameters": [
                        "Enemy",
                        "GroundExistsLeft",
                        "False"
                      ]
                    }
                  ]
                },
                {
                  "type": "BuiltinCommonInstructions::Comment",
                  "color": {
                    "b": 109,
                    "g": 230,
                    "r": 255,
                    "textB": 0,
                    "textG": 0,
                    "textR": 0
                  },
                  "comment": "Left - check for ground",
                  "comment2": ""
                },
                {
                  "type": "BuiltinCommonInstructions::Standard",
                  "conditions": [
                    {
                      "type": {
                        "value": "VarObjetTxt"
                      },
                      "parameters": [
                        "Enemy",
                        "Direction",
                        "=",
                        "\"Left\""
                      ]
                    }
                  ],
                  "actions": [],
                  "events": [
                    {
                      "type": "BuiltinCommonInstructions::Standard",
                      "conditions": [
                        {
                          "type": {
                            "value": "Raycast"
                          },
                          "parameters": [
                            "Platform",
                            "Enemy.BoundingBoxLeft()",
                            "Enemy.BoundingBoxBottom()",
                            "90",
                            "70",
                            "",
                            "",
                            ""
                          ]
                        }
                      ],
                      "actions": [
                        {
                          "type": {
                            "value": "SetObjectVariableAsBoolean"
                          },
                          "parameters": [
                            "Enemy",
                            "GroundExistsLeft",
                            "True"
                          ]
                        }
                      ]
                    },
                    {
                      "type": "BuiltinCommonInstructions::Standard",
                      "conditions": [
                        {
                          "type": {
                            "value": "ObjectVariableAsBoolean"
                          },
                          "parameters": [
                            "Enemy",
                            "GroundExistsLeft",
                            ""
                          ]
                        }
                      ],
                      "actions": [
                        {
                          "type": {
                            "value": "ModVarObjetTxt"
                          },
                          "parameters": [
                            "Enemy",
                            "Direction",
                            "=",
                            "\"Right\""
                          ]
                        }
                      ]
                    }
                  ]
                },
                {
                  "type": "BuiltinCommonInstructions::Comment",
                  "color": {
                    "b": 109,
                    "g": 230,
                    "r": 255,
                    "textB": 0,
                    "textG": 0,
                    "textR": 0
                  },
                  "comment": "Right - check for ground",
                  "comment2": ""
                },
                {
                  "type": "BuiltinCommonInstructions::Standard",
                  "conditions": [
                    {
                      "type": {
                        "value": "VarObjetTxt"
                      },
                      "parameters": [
                        "Enemy",
                        "Direction",
                        "=",
                        "\"Right\""
                      ]
                    }
                  ],
                  "actions": [],
                  "events": [
                    {
                      "type": "BuiltinCommonInstructions::Standard",
                      "conditions": [
                        {
                          "type": {
                            "value": "Raycast"
                          },
                          "parameters": [
                            "Platform",
                            "Enemy.BoundingBoxRight()",
                            "Enemy.BoundingBoxBottom()",
                            "90",
                            "70",
                            "",
                            "",
                            ""
                          ]
                        }
                      ],
                      "actions": [
                        {
                          "type": {
                            "value": "SetObjectVariableAsBoolean"
                          },
                          "parameters": [
                            "Enemy",
                            "GroundExistsRight",
                            "True"
                          ]
                        }
                      ]
                    },
                    {
                      "type": "BuiltinCommonInstructions::Standard",
                      "conditions": [
                        {
                          "type": {
                            "value": "ObjectVariableAsBoolean"
                          },
                          "parameters": [
                            "Enemy",
                            "GroundExistsRight",
                            ""
                          ]
                        }
                      ],
                      "actions": [
                        {
                          "type": {
                            "value": "ModVarObjetTxt"
                          },
                          "parameters": [
                            "Enemy",
                            "Direction",
                            "=",
                            "\"Left\""
                          ]
                        }
                      ]
                    }
                  ]
                },
                {
                  "type": "BuiltinCommonInstructions::Comment",
                  "color": {
                    "b": 109,
                    "g": 230,
                    "r": 255,
                    "textB": 0,
                    "textG": 0,
                    "textR": 0
                  },
                  "comment": "Move in direction",
                  "comment2": ""
                },
                {
                  "type": "BuiltinCommonInstructions::Standard",
                  "conditions": [
                    {
                      "type": {
                        "value": "VarObjetTxt"
                      },
                      "parameters": [
                        "Enemy",
                        "Direction",
                        "=",
                        "\"Right\""
                      ]
                    }
                  ],
                  "actions": [
                    {
                      "type": {
                        "value": "PlatformBehavior::SimulateRightKey"
                      },
                      "parameters": [
                        "Enemy",
                        "PlatformerObject"
                      ]
                    },
                    {
                      "type": {
                        "value": "FlipX"
                      },
                      "parameters": [
                        "Enemy",
                        ""
                      ]
                    }
                  ]
                },
                {
                  "type": "BuiltinCommonInstructions::Standard",
                  "conditions": [
                    {
                      "type": {
                        "value": "VarObjetTxt"
                      },
                      "parameters": [
                        "Enemy",
                        "Direction",
                        "=",
                        "\"Left\""
                      ]
                    }
                  ],
                  "actions": [
                    {
                      "type": {
                        "value": "PlatformBehavior::SimulateLeftKey"
                      },
                      "parameters": [
                        "Enemy",
                        "PlatformerObject"
                      ]
                    },
                    {
                      "type": {
                        "value": "FlipX"
                      },
                      "parameters": [
                        "Enemy",
                        "yes"
                      ]
                    }
                  ]
                }
              ]
            }
          ],
          "parameters": []
        },
        {
          "colorB": 228,
          "colorG": 176,
          "colorR": 74,
          "creationTime": 0,
          "folded": true,
          "name": "Boring stuff",
          "source": "",
          "type": "BuiltinCommonInstructions::Group",
          "events": [
            {
              "type": "BuiltinCommonInstructions::Comment",
              "color": {
                "b": 109,
                "g": 230,
                "r": 255,
                "textB": 0,
                "textG": 0,
                "textR": 0
              },
              "comment": "I knew you couldn't resist 😉",
              "comment2": ""
            },
            {
              "type": "BuiltinCommonInstructions::Standard",
              "conditions": [
                {
                  "type": {
                    "value": "ObjectVariableAsBoolean"
                  },
                  "parameters": [
                    "Platform",
                    "enlarge",
                    "True"
                  ]
                }
              ],
              "actions": [],
              "events": [
                {
                  "type": "BuiltinCommonInstructions::Standard",
                  "conditions": [
                    {
                      "type": {
                        "value": "DepartScene"
                      },
                      "parameters": [
                        ""
                      ]
                    }
                  ],
                  "actions": [
                    {
                      "type": {
                        "value": "Tween::AddObjectScaleXTween"
                      },
                      "parameters": [
                        "Platform",
                        "Tween",
                        "\"widen\"",
                        "10",
                        "\"linear\"",
                        "10000",
                        "",
                        "yes"
                      ]
                    }
                  ]
                },
                {
                  "type": "BuiltinCommonInstructions::Standard",
                  "conditions": [
                    {
                      "type": {
                        "value": "Tween::HasFinished"
                      },
                      "parameters": [
                        "Platform",
                        "Tween",
                        "\"shorten\""
                      ]
                    }
                  ],
                  "actions": [
                    {
                      "type": {
                        "value": "Tween::RemoveTween"
                      },
                      "parameters": [
                        "Platform",
                        "Tween",
                        "\"shorten\""
                      ]
                    },
                    {
                      "type": {
                        "value": "Tween::AddObjectScaleXTween"
                      },
                      "parameters": [
                        "Platform",
                        "Tween",
                        "\"widen\"",
                        "10",
                        "\"linear\"",
                        "10000",
                        "",
                        "yes"
                      ]
                    }
                  ]
                },
                {
                  "type": "BuiltinCommonInstructions::Standard",
                  "conditions": [
                    {
                      "type": {
                        "value": "Tween::HasFinished"
                      },
                      "parameters": [
                        "Platform",
                        "Tween",
                        "\"widen\""
                      ]
                    }
                  ],
                  "actions": [
                    {
                      "type": {
                        "value": "Tween::RemoveTween"
                      },
                      "parameters": [
                        "Platform",
                        "Tween",
                        "\"widen\""
                      ]
                    },
                    {
                      "type": {
                        "value": "Tween::AddObjectScaleXTween"
                      },
                      "parameters": [
                        "Platform",
                        "Tween",
                        "\"shorten\"",
                        "1",
                        "\"linear\"",
                        "10000",
                        "",
                        "yes"
                      ]
                    }
                  ]
                }
              ]
            }
          ],
          "parameters": []
        }
      ],
      "layers": [
        {
          "ambientLightColorB": 32,
          "ambientLightColorG": 0,
          "ambientLightColorR": 0,
          "followBaseLayerCamera": false,
          "isLightingLayer": false,
          "name": "",
          "visibility": true,
          "cameras": [
            {
              "defaultSize": true,
              "defaultViewport": true,
              "height": 0,
              "viewportBottom": 1,
              "viewportLeft": 0,
              "viewportRight": 1,
              "viewportTop": 0,
              "width": 0
            }
          ],
          "effects": []
        }
      ],
      "behaviorsSharedData": [
        {
          "name": "Platform",
          "type": "PlatformBehavior::PlatformBehavior"
        },
        {
          "name": "PlatformerObject",
          "type": "PlatformBehavior::PlatformerObjectBehavior"
        },
        {
          "name": "Tween",
          "type": "Tween::TweenBehavior"
        }
      ]
    }
  ],
  "externalEvents": [],
  "eventsFunctionsExtensions": [],
  "externalLayouts": [],
  "externalSourceFiles": []
}